index,job_duration
0,80
1,239
2,28
3,15
4,50
5,63
6,45
7,40
8,635
9,197
10,533
11,74
12,20
13,427
14,112
15,59
16,1879
17,52
18,171
19,59
20,30
21,59
22,291
23,47
24,260
25,5
26,319
27,11
28,120
29,106
30,25
31,47
32,59
33,40
34,886
35,22
36,15
37,16
38,281
39,117
40,26
41,81
42,14
43,8
44,95
45,157
46,52
47,37
48,9
49,31
50,178
51,79
52,508
53,397
54,68
55,16
56,96
57,140
58,130
59,103
60,119
61,62
62,222
63,494
64,16
65,104
66,639
67,121
68,79
69,40
70,141
71,21
72,12
73,39
74,268
75,188
76,33
77,22
78,111
79,20
80,542
81,112
82,300
83,44
84,119
85,20
86,127
87,30
88,108
89,30
90,44
91,10
92,501
93,282
94,16
95,175
96,558
97,17
98,331
99,68
100,68
101,7
102,1664
103,35
104,496
105,207
106,86
107,1272
108,20
109,176
110,271
111,59
112,28
113,27
114,80
115,87
116,1050
117,18
118,175
119,21
120,89
121,118
122,116
123,658
124,159
125,16
126,159
127,11
128,44
129,21
130,611
131,29
132,18
133,121
134,187
135,58
136,9
137,205
138,46
139,93
140,179
141,26
142,140
143,216
144,9
145,18
146,89
147,113
148,16
149,179
150,16
151,256
152,604
153,75
154,255
155,10
156,43
157,354
158,33
159,299
160,62
161,48
162,13
163,44
164,449
165,18
166,90
167,23
168,11
169,37
170,46
171,43
172,63
173,204
174,19
175,30
176,28
177,345
178,19
179,94
180,341
181,206
182,22
183,23
184,77
185,286
186,26
187,124
188,49
189,13
190,59
191,241
192,19
193,20
194,33
195,19
196,6
197,22
198,194
199,20
200,88
201,92
202,52
203,146
204,217
205,63
206,48
207,121
208,14
209,428
210,37
211,360
212,50
213,121
214,22
215,65
216,9
217,59
218,51
219,120
220,20
221,7
222,25
223,1938
224,115
225,21
226,16
227,63
228,11
229,75
230,14
231,50
232,32
233,51
234,75
235,161
236,27
237,121
238,58
239,78
240,222
241,77
242,120
243,19
244,240
245,106
246,27
247,17
248,122
249,33
250,27
251,19
252,288
253,22
254,444
255,34
256,23
257,4
258,44
259,38
260,16
261,288
262,610
263,22
264,40
265,49
266,95
267,47
268,277
269,8
270,191
271,195
272,480
273,214
274,15
275,251
276,74
277,416
278,66
279,268
280,155
281,541
282,70
283,117
284,14
285,22
286,6
287,179
288,51
289,18
290,66
291,65
292,300
293,491
294,101
295,235
296,190
297,7
298,11
299,136
300,81
301,18
302,35
303,16
304,157
305,10
306,26
307,23
308,41
309,364
310,110
311,133
312,31
313,396
314,33
315,53
316,28
317,237
318,201
319,261
320,26
321,58
322,17
323,119
324,75
325,19
326,44
327,23
328,43
329,211
330,50
331,120
332,10
333,271
334,1920
335,172
336,39
337,22
338,253
339,59
340,143
341,9
342,44
343,123
344,79
345,16
346,54
347,86
348,180
349,26
350,30
351,17
352,36
353,40
354,11
355,7
356,27
357,59
358,108
359,1701
360,202
361,45
362,160
363,51
364,19
365,38
366,190
367,1235
368,8
369,22
370,61
371,41
372,33
373,9
374,1611
375,280
376,87
377,47
378,51
379,31
380,104
381,73
382,60
383,91
384,20
385,28
386,42
387,282
388,20
389,62
390,11
391,15
392,21
393,38
394,59
395,19
396,10
397,85
398,34
399,38
400,183
401,167
402,13
403,225
404,192
405,40
406,104
407,11
408,87
409,60
410,1070
411,99
412,77
413,21
414,149
415,254
416,72
417,60
418,305
419,61
420,27
421,55
422,2152
423,59
424,82
425,221
426,46
427,32
428,198
429,73
430,21
431,4
432,20
433,67
434,22
435,133
436,138
437,79
438,1883
439,151
440,177
441,222
442,374
443,300
444,54
445,457
446,2408
447,14
448,81
449,122
450,6
451,92
452,11
453,44
454,31
455,29
456,165
457,267
458,59
459,28
460,133
461,15
462,59
463,14
464,154
465,19
466,21
467,29
468,245
469,101
470,84
471,91
472,32
473,35
474,24
475,259
476,32
477,22
478,16
479,117
480,33
481,60
482,87
483,314
484,121
485,28
486,30
487,90
488,63
489,59
490,88
491,209
492,299
493,19
494,1833
495,101
496,20
497,153
498,121
499,15
500,44
501,28
502,42
503,140
504,180
505,9
506,119
507,21
508,119
509,374
510,19
511,2449
512,78
513,121
514,60
515,11
516,19
517,399
518,19
519,51
520,13
521,68
522,107
523,105
524,19
525,225
526,15
527,237
528,58
529,78
530,121
531,48
532,514
533,27
534,148
535,8
536,76
537,85
538,82
539,383
540,64
541,18
542,19
543,85
544,10
545,15
546,29
547,8
548,42
549,64
550,47
551,26
552,318
553,1663
554,130
555,27
556,150
557,115
558,25
559,46
560,169
561,23
562,79
563,8
564,19
565,31
566,93
567,212
568,11
569,15
570,6
571,480
572,501
573,49
574,43
575,20
576,26
577,52
578,159
579,226
580,18
581,74
582,1148
583,161
584,24
585,58
586,18
587,184
588,106
589,173
590,186
591,1234
592,305
593,46
594,197
595,22
596,49
597,42
598,50
599,282
600,203
601,28
602,205
603,127
604,25
605,837
606,62
607,166
608,10
609,16
610,97
611,62
612,119
613,242
614,85
615,47
616,181
617,32
618,18
619,42
620,61
621,241
622,180
623,41
624,72
625,27
626,35
627,141
628,103
629,163
630,12
631,59
632,54
633,60
634,35
635,1483
636,602
637,188
638,104
639,27
640,309
641,19
642,3
643,186
644,36
645,90
646,1966
647,358
648,123
649,157
650,77
651,119
652,12
653,10
654,183
655,13
656,39
657,28
658,1920
659,18
660,121
661,440
662,48
663,26
664,28
665,121
666,75
667,61
668,327
669,78
670,87
671,16
672,6
673,201
674,78
675,14
676,33
677,17
678,23
679,39
680,175
681,212
682,66
683,98
684,116
685,50
686,65
687,2616
688,68
689,59
690,343
691,166
692,240
693,163
694,118
695,41
696,203
697,232
698,314
699,1324
700,120
701,11
702,34
703,45
704,14
705,121
706,21
707,49
708,377
709,268
710,90
711,52
712,1720
713,109
714,124
715,20
716,283
717,197
718,13
719,44
720,449
721,31
722,62
723,234
724,28
725,20
726,17
727,19
728,93
729,1166
730,48
731,26
732,65
733,21
734,100
735,24
736,83
737,878
738,344
739,58
740,223
741,52
742,30
743,310
744,199
745,68
746,31
747,64
748,120
749,21
750,65
751,54
752,78
753,304
754,124
755,34
756,11
757,123
758,69
759,71
760,14
761,157
762,225
763,35
764,130
765,77
766,28
767,55
768,173
769,16
770,64
771,41
772,33
773,191
774,37
775,16
776,18
777,120
778,11
779,362
780,198
781,91
782,33
783,40
784,66
785,322
786,98
787,58
788,71
789,14
790,56
791,30
792,15
793,41
794,43
795,110
796,45
797,33
798,129
799,130
800,290
801,54
802,65
803,49
804,59
805,50
806,134
807,77
808,186
809,1308
810,59
811,518
812,60
813,7
814,1911
815,10
816,135
817,257
818,362
819,19
820,381
821,791
822,43
823,27
824,45
825,1909
826,76
827,30
828,12
829,122
830,249
831,60
832,433
833,25
834,158
835,46
836,15
837,34
838,610
839,235
840,692
841,37
842,34
843,27
844,176
845,129
846,137
847,17
848,168
849,5
850,244
851,194
852,39
853,131
854,38
855,233
856,78
857,211
858,35
859,286
860,23
861,45
862,57
863,21
864,592
865,64
866,18
867,25
868,25
869,187
870,27
871,74
872,119
873,37
874,116
875,17
876,96
877,563
878,60
879,12
880,2046
881,334
882,48
883,46
884,59
885,16
886,590
887,16
888,2346
889,112
890,68
891,72
892,30
893,953
894,278
895,13
896,239
897,27
898,95
899,57
900,27
901,20
902,787
903,83
904,53
905,38
906,60
907,240
908,852
909,28
910,72
911,37
912,265
913,340
914,87
915,18
916,102
917,1935
918,25
919,28
920,105
921,1426
922,51
923,19
924,25
925,46
926,43
927,468
928,61
929,81
930,73
931,15
932,626
933,698
934,119
935,196
936,43
937,86
938,14
939,248
940,46
941,157
942,170
943,78
944,43
945,1971
946,103
947,16
948,10
949,30
950,69
951,1241
952,406
953,166
954,481
955,1108
956,18
957,73
958,153
959,86
960,111
961,12
962,119
963,50
964,30
965,23
966,55
967,78
968,91
969,169
970,8
971,70
972,70
973,88
974,7
975,191
976,26
977,46
978,52
979,121
980,265
981,24
982,263
983,14
984,114
985,180
986,141
987,247
988,2148
989,525
990,40
991,155
992,118
993,52
994,143
995,29
996,39
997,38
998,24
999,259
1000,239
1001,43
1002,27
1003,15
1004,28
1005,1989
1006,32
1007,66
1008,364
1009,16
1010,217
1011,263
1012,77
1013,37
1014,25
1015,173
1016,35
1017,73
1018,23
1019,149
1020,34
1021,15
1022,80
1023,13
1024,231
1025,35
1026,21
1027,249
1028,2360
1029,48
1030,218
1031,99
1032,16
1033,3
1034,40
1035,230
1036,65
1037,107
1038,120
1039,21
1040,153
1041,44
1042,160
1043,40
1044,350
1045,207
1046,2156
1047,13
1048,149
1049,764
1050,71
1051,17
1052,1214
1053,84
1054,25
1055,60
1056,213
1057,15
1058,566
1059,28
1060,20
1061,39
1062,97
1063,15
1064,204
1065,64
1066,269
1067,81
1068,25
1069,38
1070,19
1071,18
1072,16
1073,1573
1074,17
1075,119
1076,32
1077,25
1078,139
1079,196
1080,46
1081,59
1082,12
1083,60
1084,39
1085,50
1086,122
1087,39
1088,19
1089,63
1090,237
1091,45
1092,45
1093,11
1094,21
1095,43
1096,237
1097,396
1098,65
1099,44
1100,85
1101,59
1102,14
1103,8
1104,182
1105,136
1106,70
1107,104
1108,16
1109,128
1110,84
1111,3
1112,19
1113,202
1114,35
1115,861
1116,13
1117,2230
1118,2020
1119,194
1120,28
1121,71
1122,27
1123,283
1124,29
1125,273
1126,33
1127,366
1128,238
1129,253
1130,171
1131,379
1132,19
1133,735
1134,31
1135,47
1136,98
1137,165
1138,36
1139,12
1140,239
1141,92
1142,540
1143,18
1144,42
1145,121
1146,16
1147,136
1148,51
1149,27
1150,157
1151,43
1152,14
1153,150
1154,49
1155,119
1156,161
1157,75
1158,27
1159,105
1160,161
1161,181
1162,41
1163,27
1164,775
1165,23
1166,543
1167,10
1168,45
1169,27
1170,3
1171,91
1172,38
1173,117
1174,8
1175,60
1176,59
1177,21
1178,30
1179,34
1180,119
1181,71
1182,150
1183,80
1184,12
1185,1198
1186,21
1187,20
1188,49
1189,21
1190,29
1191,57
1192,70
1193,68
1194,18
1195,20
1196,264
1197,182
1198,99
1199,30
1200,206
1201,1951
1202,66
1203,41
1204,20
1205,51
1206,56
1207,240
1208,119
1209,230
1210,204
1211,53
1212,16
1213,106
1214,100
1215,36
1216,60
1217,1897
1218,120
1219,557
1220,13
1221,23
1222,88
1223,667
1224,466
1225,244
1226,7
1227,112
1228,33
1229,146
1230,489
1231,60
1232,44
1233,47
1234,30
1235,23
1236,35
1237,399
1238,291
1239,18
1240,105
1241,459
1242,11
1243,15
1244,374
1245,51
1246,126
1247,18
1248,80
1249,47
1250,209
1251,35
1252,246
1253,55
1254,44
1255,122
1256,40
1257,74
1258,45
1259,380
1260,370
1261,65
1262,40
1263,142
1264,77
1265,42
1266,10
1267,442
1268,61
1269,159
1270,40
1271,146
1272,14
1273,140
1274,111
1275,1628
1276,18
1277,47
1278,59
1279,133
1280,56
1281,24
1282,83
1283,59
1284,18
1285,42
1286,56
1287,300
1288,121
1289,14
1290,67
1291,25
1292,41
1293,921
1294,99
1295,81
1296,83
1297,79
1298,482
1299,121
1300,76
1301,151
1302,207
1303,15
1304,37
1305,30
1306,15
1307,299
1308,171
1309,497
1310,121
1311,427
1312,7
1313,29
1314,105
1315,215
1316,51
1317,268
1318,7
1319,59
1320,143
1321,422
1322,450
1323,12
1324,32
1325,109
1326,23
1327,370
1328,18
1329,19
1330,15
1331,121
1332,73
1333,283
1334,612
1335,121
1336,1081
1337,176
1338,59
1339,65
1340,176
1341,36
1342,29
1343,305
1344,201
1345,576
1346,49
1347,184
1348,21
1349,31
1350,67
1351,397
1352,950
1353,92
1354,66
1355,171
1356,27
1357,121
1358,122
1359,376
1360,503
1361,155
1362,179
1363,63
1364,69
1365,64
1366,124
1367,18
1368,44
1369,22
1370,27
1371,192
1372,189
1373,51
1374,27
1375,55
1376,38
1377,21
1378,25
1379,62
1380,4
1381,265
1382,22
1383,13
1384,48
1385,24
1386,222
1387,110
1388,222
1389,60
1390,48
1391,645
1392,30
1393,100
1394,166
1395,301
1396,211
1397,168
1398,45
1399,28
1400,29
1401,60
1402,60
1403,141
1404,14
1405,47
1406,124
1407,470
1408,20
1409,450
1410,175
1411,109
1412,145
1413,10
1414,70
1415,1950
1416,11
1417,680
1418,193
1419,59
1420,24
1421,8
1422,39
1423,262
1424,70
1425,43
1426,263
1427,51
1428,83
1429,20
1430,61
1431,24
1432,167
1433,37
1434,20
1435,21
1436,226
1437,1759
1438,59
1439,173
1440,316
1441,30
1442,78
1443,114
1444,301
1445,43
1446,851
1447,36
1448,15
1449,22
1450,10
1451,33
1452,300
1453,41
1454,1917
1455,52
1456,2122
1457,52
1458,14
1459,191
1460,140
1461,38
1462,300
1463,272
1464,884
1465,21
1466,57
1467,164
1468,203
1469,79
1470,127
1471,59
1472,72
1473,74
1474,18
1475,196
1476,31
1477,592
1478,111
1479,1305
1480,8
1481,58
1482,1549
1483,60
1484,253
1485,207
1486,59
1487,58
1488,33
1489,10
1490,60
1491,37
1492,26
1493,67
1494,38
1495,9
1496,126
1497,116
1498,301
1499,16
1500,15
1501,112
1502,233
1503,48
1504,27
1505,59
1506,17
1507,69
1508,51
1509,59
1510,60
1511,76
1512,54
1513,18
1514,599
1515,144
1516,59
1517,299
1518,80
1519,82
1520,212
1521,119
1522,1136
1523,28
1524,174
1525,48
1526,273
1527,33
1528,1815
1529,20
1530,377
1531,1731
1532,13
1533,41
1534,167
1535,28
1536,20
1537,11
1538,246
1539,16
1540,681
1541,148
1542,365
1543,46
1544,61
1545,24
1546,96
1547,9
1548,144
1549,52
1550,10
1551,38
1552,59
1553,71
1554,32
1555,268
1556,13
1557,120
1558,23
1559,7
1560,74
1561,45
1562,112
1563,58
1564,85
1565,118
1566,90
1567,173
1568,518
1569,62
1570,26
1571,302
1572,54
1573,60
1574,60
1575,58
1576,1099
1577,186
1578,17
1579,596
1580,229
1581,60
1582,71
1583,50
1584,24
1585,947
1586,41
1587,29
1588,37
1589,38
1590,249
1591,61
1592,25
1593,23
1594,991
1595,60
1596,239
1597,55
1598,79
1599,128
1600,33
1601,229
1602,36
1603,26
1604,255
1605,49
1606,16
1607,10
1608,300
1609,181
1610,50
1611,239
1612,9
1613,58
1614,199
1615,251
1616,120
1617,262
1618,16
1619,303
1620,31
1621,62
1622,18
1623,135
1624,60
1625,17
1626,89
1627,103
1628,11
1629,64
1630,29
1631,1995
1632,31
1633,470
1634,24
1635,347
1636,52
1637,43
1638,98
1639,56
1640,1841
1641,61
1642,38
1643,48
1644,23
1645,1858
1646,324
1647,24
1648,399
1649,24
1650,183
1651,202
1652,248
1653,236
1654,34
1655,122
1656,1085
1657,733
1658,77
1659,55
1660,432
1661,241
1662,58
1663,11
1664,156
1665,17
1666,32
1667,23
1668,30
1669,37
1670,30
1671,49
1672,26
1673,1508
1674,30
1675,510
1676,32
1677,1443
1678,294
1679,65
1680,107
1681,54
1682,41
1683,281
1684,21
1685,60
1686,10
1687,38
1688,26
1689,76
1690,34
1691,123
1692,339
1693,22
1694,76
1695,68
1696,30
1697,68
1698,58
1699,196
1700,19
1701,14
1702,9
1703,28
1704,36
1705,38
1706,86
1707,2086
1708,58
1709,12
1710,20
1711,17
1712,27
1713,69
1714,30
1715,38
1716,22
1717,17
1718,33
1719,22
1720,23
1721,78
1722,11
1723,49
1724,96
1725,231
1726,568
1727,78
1728,22
1729,90
1730,59
1731,58
1732,77
1733,16
1734,100
1735,92
1736,11
1737,55
1738,25
1739,11
1740,447
1741,202
1742,195
1743,27
1744,50
1745,188
1746,47
1747,121
1748,45
1749,313
1750,15
1751,24
1752,76
1753,635
1754,20
1755,80
1756,1371
1757,244
1758,15
1759,476
1760,40
1761,50
1762,10
1763,62
1764,144
1765,18
1766,1818
1767,47
1768,1051
1769,122
1770,35
1771,31
1772,51
1773,84
1774,19
1775,107
1776,12
1777,75
1778,119
1779,49
1780,58
1781,36
1782,118
1783,20
1784,44
1785,325
1786,229
1787,277
1788,619
1789,60
1790,66
1791,81
1792,6
1793,10
1794,31
1795,77
1796,52
1797,11
1798,9
1799,119
1800,50
1801,73
1802,214
1803,139
1804,11
1805,96
1806,374
1807,10
1808,25
1809,898
1810,132
1811,33
1812,14
1813,303
1814,217
1815,143
1816,25
1817,474
1818,39
1819,24
1820,144
1821,62
1822,117
1823,167
1824,30
1825,108
1826,65
1827,697
1828,50
1829,62
1830,144
1831,44
1832,21
1833,114
1834,23
1835,387
1836,283
1837,135
1838,45
1839,275
1840,118
1841,27
1842,17
1843,15
1844,98
1845,30
1846,12
1847,116
1848,440
1849,338
1850,238
1851,20
1852,62
1853,164
1854,53
1855,24
1856,171
1857,36
1858,26
1859,79
1860,240
1861,7
1862,37
1863,18
1864,35
1865,88
1866,905
1867,36
1868,18
1869,12
1870,62
1871,79
1872,39
1873,158
1874,22
1875,18
1876,8
1877,33
1878,32
1879,52
1880,2979
1881,42
1882,47
1883,208
1884,105
1885,98
1886,23
1887,84
1888,8
1889,598
1890,591
1891,9
1892,181
1893,197
1894,70
1895,59
1896,34
1897,989
1898,60
1899,42
1900,46
1901,17
1902,2123
1903,239
1904,177
1905,61
1906,41
1907,15
1908,4
1909,1887
1910,44
1911,20
1912,23
1913,13
1914,510
1915,44
1916,18
1917,258
1918,73
1919,6
1920,145
1921,174
1922,12
1923,310
1924,6
1925,2862
1926,199
1927,81
1928,20
1929,142
1930,19
1931,164
1932,51
1933,12
1934,59
1935,92
1936,17
1937,306
1938,15
1939,309
1940,91
1941,145
1942,20
1943,46
1944,12
1945,106
1946,20
1947,59
1948,474
1949,29
1950,17
1951,7
1952,123
1953,1967
1954,4
1955,572
1956,30
1957,3
1958,77
1959,57
1960,112
1961,241
1962,203
1963,1882
1964,56
1965,36
1966,31
1967,15
1968,27
1969,147
1970,46
1971,43
1972,3274
1973,532
1974,19
1975,252
1976,191
1977,61
1978,59
1979,53
1980,85
1981,25
1982,92
1983,36
1984,333
1985,9
1986,1902
1987,46
1988,142
1989,36
1990,93
1991,218
1992,161
1993,49
1994,185
1995,10
1996,111
1997,14
1998,60
1999,111
2000,12
2001,553
2002,119
2003,10
2004,22
2005,78
2006,142
2007,47
2008,125
2009,236
2010,26
2011,253
2012,4
2013,12
2014,29
2015,13
2016,40
2017,38
2018,12
2019,559
2020,118
2021,146
2022,142
2023,95
2024,36
2025,78
2026,12
2027,895
2028,124
2029,14
2030,108
2031,108
2032,309
2033,9
2034,28
2035,150
2036,15
2037,119
2038,22
2039,114
2040,4
2041,282
2042,266
2043,23
2044,112
2045,862
2046,189
2047,131
2048,23
2049,24
2050,10
2051,29
2052,12
2053,24
2054,34
2055,31
2056,21
2057,161
2058,1098
2059,41
2060,178
2061,36
2062,294
2063,50
2064,180
2065,13
2066,536
2067,45
2068,190
2069,121
2070,14
2071,89
2072,47
2073,78
2074,44
2075,40
2076,88
2077,21
2078,29
2079,130
2080,30
2081,157
2082,300
2083,21
2084,240
2085,16
2086,34
2087,34
2088,13
2089,18
2090,22
2091,32
2092,225
2093,106
2094,41
2095,22
2096,19
2097,58
2098,88
2099,28
2100,55
2101,59
2102,86
2103,154
2104,119
2105,272
2106,170
2107,150
2108,361
2109,165
2110,44
2111,154
2112,7
2113,127
2114,12
2115,9
2116,46
2117,52
2118,223
2119,104
2120,181
2121,31
2122,28
2123,56
2124,13
2125,530
2126,35
2127,68
2128,34
2129,485
2130,17
2131,22
2132,35
2133,281
2134,36
2135,45
2136,1676
2137,38
2138,285
2139,64
2140,35
2141,59
2142,19
2143,2105
2144,544
2145,528
2146,30
2147,121
2148,64
2149,644
2150,35
2151,30
2152,113
2153,15
2154,103
2155,36
2156,60
2157,208
2158,20
2159,184
2160,26
2161,33
2162,60
2163,60
2164,68
2165,50
2166,14
2167,110
2168,79
2169,111
2170,1928
2171,219
2172,72
2173,102
2174,115
2175,26
2176,292
2177,43
2178,229
2179,225
2180,787
2181,215
2182,208
2183,100
2184,409
2185,13
2186,109
2187,77
2188,61
2189,18
2190,11
2191,1624
2192,180
2193,29
2194,15
2195,70
2196,142
2197,92
2198,120
2199,87
2200,32
2201,1316
2202,2
2203,507
2204,21
2205,172
2206,67
2207,580
2208,31
2209,24
2210,21
2211,93
2212,54
2213,206
2214,17
2215,323
2216,90
2217,202
2218,24
2219,9
2220,49
2221,189
2222,125
2223,120
2224,163
2225,121
2226,176
2227,230
2228,99
2229,25
2230,461
2231,84
2232,21
2233,119
2234,14
2235,157
2236,18
2237,163
2238,244
2239,60
2240,47
2241,29
2242,26
2243,70
2244,13
2245,24
2246,16
2247,245
2248,1142
2249,73
2250,26
2251,149
2252,27
2253,2398
2254,230
2255,28
2256,19
2257,91
2258,253
2259,28
2260,31
2261,66
2262,13
2263,163
2264,39
2265,6
2266,42
2267,104
2268,62
2269,164
2270,12
2271,37
2272,607
2273,14
2274,43
2275,131
2276,35
2277,530
2278,44
2279,50
2280,11
2281,629
2282,1932
2283,362
2284,641
2285,38
2286,358
2287,798
2288,45
2289,22
2290,56
2291,21
2292,329
2293,46
2294,89
2295,39
2296,104
2297,15
2298,67
2299,85
2300,65
2301,121
2302,19
2303,148
2304,57
2305,30
2306,275
2307,175
2308,1176
2309,106
2310,70
2311,322
2312,45
2313,19
2314,121
2315,40
2316,82
2317,287
2318,14
2319,6
2320,121
2321,4
2322,185
2323,76
2324,53
2325,82
2326,650
2327,231
2328,51
2329,620
2330,151
2331,66
2332,119
2333,153
2334,206
2335,16
2336,135
2337,277
2338,316
2339,12
2340,44
2341,13
2342,30
2343,45
2344,72
2345,160
2346,27
2347,19
2348,552
2349,324
2350,53
2351,94
2352,21
2353,164
2354,17
2355,163
2356,84
2357,2331
2358,355
2359,437
2360,223
2361,64
2362,48
2363,23
2364,137
2365,60
2366,122
2367,206
2368,169
2369,17
2370,60
2371,83
2372,24
2373,1296
2374,159
2375,18
2376,330
2377,68
2378,165
2379,59
2380,32
2381,383
2382,21
2383,31
2384,130
2385,4
2386,595
2387,43
2388,26
2389,90
2390,25
2391,21
2392,272
2393,355
2394,120
2395,441
2396,112
2397,92
2398,109
2399,23
2400,149
2401,204
2402,222
2403,13
2404,8
2405,35
2406,57
2407,76
2408,14
2409,28
2410,109
2411,147
2412,294
2413,132
2414,181
2415,22
2416,34
2417,470
2418,72
2419,17
2420,19
2421,22
2422,120
2423,40
2424,11
2425,121
2426,22
2427,82
2428,1928
2429,39
2430,14
2431,120
2432,42
2433,45
2434,205
2435,133
2436,32
2437,28
2438,21
2439,59
2440,19
2441,129
2442,74
2443,255
2444,1199
2445,60
2446,189
2447,138
2448,40
2449,28
2450,100
2451,69
2452,252
2453,60
2454,24
2455,29
2456,63
2457,21
2458,32
2459,23
2460,905
2461,153
2462,300
2463,19
2464,50
2465,213
2466,66
2467,205
2468,11
2469,22
2470,58
2471,42
2472,161
2473,15
2474,104
2475,183
2476,215
2477,28
2478,71
2479,286
2480,263
2481,152
2482,186
2483,69
2484,60
2485,54
2486,257
2487,15
2488,103
2489,19
2490,121
2491,7
2492,602
2493,54
2494,142
2495,71
2496,20
2497,614
2498,377
2499,17
2500,84
2501,18
2502,346
2503,394
2504,75
2505,32
2506,279
2507,278
2508,25
2509,61
2510,42
2511,176
2512,64
2513,37
2514,29
2515,33
2516,72
2517,53
2518,14
2519,846
2520,267
2521,37
2522,206
2523,93
2524,125
2525,18
2526,65
2527,496
2528,142
2529,60
2530,1570
2531,136
2532,121
2533,91
2534,14
2535,23
2536,207
2537,11
2538,18
2539,42
2540,47
2541,513
2542,48
2543,11
2544,20
2545,48
2546,463
2547,800
2548,31
2549,17
2550,100
2551,35
2552,127
2553,1859
2554,77
2555,18
2556,4
2557,209
2558,167
2559,202
2560,95
2561,25
2562,61
2563,60
2564,123
2565,152
2566,84
2567,146
2568,62
2569,59
2570,60
2571,59
2572,185
2573,569
2574,89
2575,30
2576,28
2577,59
2578,14
2579,523
2580,11
2581,39
2582,135
2583,134
2584,14
2585,25
2586,22
2587,1118
2588,599
2589,54
2590,54
2591,24
2592,531
2593,25
2594,46
2595,22
2596,50
2597,101
2598,48
2599,1415
2600,10
2601,560
2602,552
2603,198
2604,24
2605,14
2606,40
2607,55
2608,432
2609,299
2610,63
2611,77
2612,363
2613,129
2614,27
2615,150
2616,515
2617,65
2618,38
2619,48
2620,42
2621,186
2622,28
2623,1961
2624,354
2625,24
2626,43
2627,43
2628,71
2629,190
2630,90
2631,147
2632,210
2633,520
2634,71
2635,30
2636,33
2637,57
2638,45
2639,112
2640,39
2641,46
2642,134
2643,14
2644,34
2645,73
2646,206
2647,836
2648,599
2649,27
2650,15
2651,17
2652,1942
2653,29
2654,93
2655,29
2656,71
2657,142
2658,60
2659,94
2660,11
2661,85
2662,29
2663,464
2664,175
2665,51
2666,82
2667,28
2668,45
2669,80
2670,48
2671,288
2672,219
2673,48
2674,32
2675,117
2676,30
2677,147
2678,23
2679,219
2680,106
2681,31
2682,1585
2683,448
2684,46
2685,325
2686,29
2687,184
2688,193
2689,20
2690,210
2691,61
2692,61
2693,64
2694,19
2695,55
2696,120
2697,216
2698,20
2699,51
2700,47
2701,484
2702,172
2703,151
2704,56
2705,227
2706,29
2707,156
2708,172
2709,1118
2710,382
2711,177
2712,11
2713,668
2714,21
2715,30
2716,34
2717,10
2718,16
2719,39
2720,241
2721,69
2722,43
2723,34
2724,46
2725,24
2726,2398
2727,16
2728,197
2729,228
2730,53
2731,568
2732,35
2733,33
2734,40
2735,95
2736,195
2737,21
2738,133
2739,60
2740,157
2741,33
2742,50
2743,53
2744,10
2745,295
2746,38
2747,60
2748,27
2749,40
2750,147
2751,51
2752,16
2753,282
2754,65
2755,15
2756,17
2757,40
2758,19
2759,300
2760,56
2761,38
2762,68
2763,23
2764,5
2765,255
2766,266
2767,20
2768,60
2769,91
2770,18
2771,25
2772,190
2773,62
2774,25
2775,7
2776,15
2777,49
2778,95
2779,95
2780,61
2781,41
2782,63
2783,121
2784,88
2785,119
2786,37
2787,60
2788,24
2789,43
2790,17
2791,43
2792,24
2793,113
2794,54
2795,35
2796,92
2797,10
2798,130
2799,16
2800,136
2801,2034
2802,138
2803,47
2804,37
2805,409
2806,7
2807,60
2808,20
2809,29
2810,656
2811,221
2812,12
2813,15
2814,158
2815,19
2816,16
2817,168
2818,22
2819,108
2820,300
2821,95
2822,16
2823,7
2824,411
2825,35
2826,8
2827,21
2828,33
2829,85
2830,16
2831,1096
2832,297
2833,30
2834,64
2835,779
2836,1789
2837,723
2838,10
2839,15
2840,19
2841,125
2842,60
2843,121
2844,111
2845,592
2846,58
2847,48
2848,83
2849,13
2850,25
2851,119
2852,26
2853,931
2854,1559
2855,47
2856,42
2857,35
2858,81
2859,142
2860,45
2861,26
2862,59
2863,14
2864,323
2865,261
2866,299
2867,254
2868,23
2869,76
2870,1492
2871,60
2872,1456
2873,75
2874,9
2875,33
2876,11
2877,60
2878,25
2879,215
2880,92
2881,139
2882,6
2883,322
2884,117
2885,263
2886,36
2887,86
2888,126
2889,33
2890,608
2891,1116
2892,180
2893,94
2894,2012
2895,84
2896,137
2897,143
2898,337
2899,214
2900,295
2901,34
2902,19
2903,2161
2904,49
2905,123
2906,37
2907,49
2908,27
2909,351
2910,29
2911,45
2912,33
2913,21
2914,196
2915,2
2916,15
2917,54
2918,153
2919,217
2920,27
2921,40
2922,24
2923,15
2924,158
2925,36
2926,139
2927,40
2928,249
2929,26
2930,22
2931,119
2932,6
2933,17
2934,52
2935,32
2936,17
2937,20
2938,56
2939,52
2940,173
2941,47
2942,10
2943,54
2944,13
2945,373
2946,239
2947,32
2948,47
2949,145
2950,20
2951,60
2952,59
2953,291
2954,257
2955,50
2956,39
2957,75
2958,93
2959,41
2960,20
2961,157
2962,15
2963,20
2964,78
2965,33
2966,1707
2967,32
2968,26
2969,91
2970,397
2971,13
2972,119
2973,2532
2974,31
2975,93
2976,278
2977,11
2978,59
2979,66
2980,35
2981,13
2982,30
2983,41
2984,40
2985,170
2986,34
2987,23
2988,305
2989,27
2990,38
2991,620
2992,69
2993,65
2994,54
2995,635
2996,44
2997,164
2998,43
2999,207
3000,38
3001,82
3002,191
3003,1133
3004,267
3005,8
3006,63
3007,74
3008,113
3009,10
3010,485
3011,17
3012,30
3013,94
3014,127
3015,16
3016,300
3017,27
3018,47
3019,2
3020,16
3021,18
3022,35
3023,64
3024,19
3025,217
3026,21
3027,22
3028,20
3029,131
3030,24
3031,28
3032,480
3033,60
3034,1565
3035,136
3036,557
3037,78
3038,124
3039,24
3040,34
3041,34
3042,232
3043,60
3044,228
3045,138
3046,265
3047,4
3048,127
3049,30
3050,16
3051,28
3052,499
3053,28
3054,15
3055,431
3056,32
3057,32
3058,60
3059,172
3060,48
3061,311
3062,10
3063,101
3064,32
3065,169
3066,102
3067,21
3068,79
3069,35
3070,8
3071,309
3072,19
3073,30
3074,20
3075,169
3076,85
3077,26
3078,1951
3079,173
3080,56
3081,1282
3082,24
3083,282
3084,15
3085,1916
3086,49
3087,29
3088,292
3089,17
3090,36
3091,54
3092,30
3093,151
3094,39
3095,160
3096,82
3097,676
3098,18
3099,716
3100,141
3101,183
3102,11
3103,116
3104,120
3105,206
3106,45
3107,136
3108,30
3109,25
3110,18
3111,207
3112,20
3113,24
3114,37
3115,18
3116,436
3117,15
3118,463
3119,76
3120,35
3121,51
3122,28
3123,180
3124,724
3125,146
3126,186
3127,20
3128,702
3129,345
3130,81
3131,38
3132,47
3133,33
3134,153
3135,12
3136,80
3137,60
3138,89
3139,54
3140,210
3141,16
3142,46
3143,55
3144,1959
3145,117
3146,836
3147,59
3148,33
3149,360
3150,20
3151,59
3152,13
3153,1918
3154,59
3155,33
3156,21
3157,580
3158,22
3159,33
3160,59
3161,37
3162,47
3163,145
3164,33
3165,41
3166,40
3167,199
3168,31
3169,13
3170,416
3171,1162
3172,933
3173,1965
3174,46
3175,8
3176,39
3177,500
3178,32
3179,140
3180,179
3181,24
3182,195
3183,59
3184,247
3185,147
3186,18
3187,17
3188,45
3189,69
3190,576
3191,108
3192,1403
3193,25
3194,269
3195,107
3196,42
3197,46
3198,64
3199,33
3200,183
3201,69
3202,42
3203,148
3204,17
3205,194
3206,10
3207,528
3208,1397
3209,689
3210,17
3211,172
3212,60
3213,68
3214,43
3215,89
3216,30
3217,36
3218,11
3219,278
3220,99
3221,59
3222,89
3223,10
3224,201
3225,19
3226,59
3227,102
3228,59
3229,1635
3230,176
3231,566
3232,92
3233,59
3234,12
3235,27
3236,111
3237,264
3238,21
3239,48
3240,58
3241,61
3242,1534
3243,101
3244,79
3245,282
3246,94
3247,135
3248,57
3249,12
3250,48
3251,107
3252,96
3253,28
3254,15
3255,79
3256,40
3257,299
3258,74
3259,55
3260,2365
3261,1900
3262,343
3263,19
3264,661
3265,85
3266,164
3267,7
3268,77
3269,150
3270,59
3271,725
3272,42
3273,119
3274,690
3275,45
3276,1045
3277,19
3278,31
3279,28
3280,1037
3281,53
3282,31
3283,68
3284,10
3285,26
3286,84
3287,59
3288,19
3289,10
3290,146
3291,238
3292,54
3293,217
3294,37
3295,43
3296,15
3297,64
3298,87
3299,60
3300,344
3301,22
3302,149
3303,16
3304,86
3305,13
3306,31
3307,5
3308,114
3309,300
3310,174
3311,581
3312,134
3313,51
3314,172
3315,26
3316,227
3317,130
3318,121
3319,120
3320,43
3321,28
3322,30
3323,200
3324,12
3325,67
3326,596
3327,86
3328,118
3329,8
3330,379
3331,56
3332,135
3333,30
3334,31
3335,4
3336,114
3337,2015
3338,84
3339,134
3340,33
3341,38
3342,60
3343,375
3344,26
3345,52
3346,556
3347,64
3348,49
3349,221
3350,130
3351,81
3352,7
3353,101
3354,681
3355,70
3356,213
3357,119
3358,16
3359,14
3360,40
3361,634
3362,208
3363,206
3364,8
3365,146
3366,52
3367,51
3368,72
3369,59
3370,35
3371,17
3372,380
3373,219
3374,12
3375,28
3376,12
3377,38
3378,14
3379,27
3380,25
3381,51
3382,27
3383,198
3384,41
3385,14
3386,89
3387,61
3388,118
3389,155
3390,22
3391,68
3392,408
3393,54
3394,20
3395,45
3396,23
3397,24
3398,28
3399,92
3400,20
3401,15
3402,55
3403,92
3404,72
3405,121
3406,82
3407,24
3408,267
3409,358
3410,282
3411,187
3412,20
3413,273
3414,265
3415,19
3416,281
3417,121
3418,45
3419,230
3420,109
3421,37
3422,171
3423,60
3424,40
3425,34
3426,327
3427,21
3428,424
3429,19
3430,228
3431,18
3432,179
3433,88
3434,744
3435,17
3436,92
3437,285
3438,80
3439,7
3440,104
3441,70
3442,70
3443,26
3444,44
3445,43
3446,41
3447,87
3448,27
3449,488
3450,32
3451,1612
3452,42
3453,300
3454,26
3455,121
3456,274
3457,416
3458,12
3459,311
3460,299
3461,139
3462,436
3463,17
3464,26
3465,15
3466,307
3467,35
3468,176
3469,141
3470,26
3471,7
3472,198
3473,119
3474,149
3475,160
3476,62
3477,19
3478,30
3479,42
3480,31
3481,345
3482,144
3483,42
3484,71
3485,97
3486,19
3487,72
3488,28
3489,20
3490,8
3491,178
3492,22
3493,26
3494,41
3495,38
3496,1731
3497,179
3498,119
3499,1842
3500,163
3501,10
3502,89
3503,57
3504,196
3505,300
3506,14
3507,28
3508,260
3509,282
3510,27
3511,329
3512,122
3513,93
3514,202
3515,39
3516,18
3517,629
3518,107
3519,233
3520,316
3521,33
3522,45
3523,80
3524,586
3525,160
3526,42
3527,311
3528,66
3529,19
3530,32
3531,110
3532,33
3533,185
3534,22
3535,29
3536,214
3537,23
3538,40
3539,88
3540,322
3541,21
3542,40
3543,37
3544,24
3545,137
3546,51
3547,120
3548,82
3549,6
3550,9
3551,133
3552,44
3553,33
3554,109
3555,23
3556,13
3557,39
3558,36
3559,56
3560,299
3561,148
3562,34
3563,24
3564,29
3565,119
3566,186
3567,97
3568,27
3569,47
3570,57
3571,34
3572,1158
3573,29
3574,95
3575,864
3576,15
3577,59
3578,26
3579,261
3580,46
3581,20
3582,574
3583,36
3584,52
3585,222
3586,163
3587,26
3588,382
3589,270
3590,31
3591,36
3592,26
3593,545
3594,63
3595,61
3596,100
3597,1070
3598,75
3599,52
3600,217
3601,42
3602,96
3603,18
3604,21
3605,7
3606,19
3607,70
3608,98
3609,178
3610,148
3611,452
3612,103
3613,702
3614,140
3615,125
3616,110
3617,324
3618,162
3619,247
3620,86
3621,33
3622,25
3623,377
3624,1254
3625,47
3626,954
3627,1131
3628,1451
3629,121
3630,20
3631,16
3632,2
3633,10
3634,237
3635,137
3636,828
3637,13
3638,1772
3639,46
3640,262
3641,11
3642,8
3643,2396
3644,23
3645,63
3646,33
3647,126
3648,207
3649,261
3650,66
3651,1305
3652,24
3653,26
3654,304
3655,1004
3656,19
3657,171
3658,149
3659,455
3660,59
3661,75
3662,13
3663,1005
3664,329
3665,83
3666,12
3667,30
3668,419
3669,169
3670,24
3671,977
3672,25
3673,22
3674,198
3675,272
3676,71
3677,47
3678,84
3679,41
3680,1002
3681,8
3682,71
3683,60
3684,325
3685,18
3686,119
3687,14
3688,530
3689,320
3690,184
3691,91
3692,99
3693,9
3694,14
3695,65
3696,159
3697,34
3698,35
3699,35
3700,34
3701,143
3702,22
3703,1159
3704,65
3705,61
3706,133
3707,110
3708,13
3709,789
3710,32
3711,68
3712,139
3713,40
3714,75
3715,27
3716,106
3717,24
3718,215
3719,71
3720,49
3721,23
3722,61
3723,47
3724,119
3725,15
3726,21
3727,29
3728,2055
3729,43
3730,63
3731,500
3732,33
3733,162
3734,472
3735,241
3736,17
3737,416
3738,43
3739,95
3740,207
3741,11
3742,18
3743,312
3744,368
3745,62
3746,123
3747,23
3748,14
3749,12
3750,59
3751,19
3752,384
3753,29
3754,283
3755,19
3756,47
3757,91
3758,109
3759,272
3760,209
3761,51
3762,41
3763,62
3764,17
3765,19
3766,596
3767,17
3768,167
3769,135
3770,345
3771,79
3772,58
3773,20
3774,270
3775,111
3776,32
3777,54
3778,10
3779,52
3780,207
3781,17
3782,66
3783,31
3784,163
3785,129
3786,46
3787,119
3788,25
3789,245
3790,83
3791,59
3792,236
3793,27
3794,46
3795,19
3796,9
3797,50
3798,66
3799,1568
3800,38
3801,9
3802,39
3803,169
3804,120
3805,54
3806,12
3807,23
3808,227
3809,14
3810,70
3811,43
3812,32
3813,10
3814,276
3815,16
3816,47
3817,47
3818,194
3819,57
3820,616
3821,23
3822,134
3823,17
3824,73
3825,20
3826,17
3827,120
3828,17
3829,1318
3830,10
3831,119
3832,88
3833,11
3834,272
3835,59
3836,15
3837,26
3838,518
3839,64
3840,70
3841,113
3842,84
3843,207
3844,18
3845,61
3846,75
3847,23
3848,73
3849,238
3850,24
3851,87
3852,155
3853,29
3854,200
3855,444
3856,33
3857,47
3858,14
3859,141
3860,26
3861,36
3862,110
3863,44
3864,33
3865,40
3866,19
3867,21
3868,81
3869,746
3870,14
3871,124
3872,15
3873,39
3874,515
3875,18
3876,86
3877,15
3878,1920
3879,26
3880,140
3881,42
3882,27
3883,23
3884,46
3885,59
3886,120
3887,205
3888,289
3889,18
3890,41
3891,160
3892,12
3893,24
3894,154
3895,166
3896,30
3897,121
3898,1142
3899,104
3900,71
3901,54
3902,1177
3903,48
3904,34
3905,3
3906,26
3907,183
3908,69
3909,30
3910,89
3911,28
3912,42
3913,301
3914,596
3915,139
3916,193
3917,20
3918,60
3919,26
3920,54
3921,175
3922,86
3923,15
3924,79
3925,621
3926,146
3927,17
3928,244
3929,120
3930,22
3931,286
3932,841
3933,175
3934,146
3935,59
3936,27
3937,23
3938,10
3939,88
3940,36
3941,33
3942,26
3943,47
3944,78
3945,24
3946,23
3947,9
3948,298
3949,33
3950,20
3951,62
3952,149
3953,29
3954,56
3955,102
3956,85
3957,25
3958,43
3959,56
3960,16
3961,24
3962,25
3963,99
3964,25
3965,14
3966,20
3967,102
3968,30
3969,28
3970,118
3971,33
3972,299
3973,45
3974,457
3975,45
3976,53
3977,16
3978,181
3979,145
3980,39
3981,58
3982,9
3983,60
3984,71
3985,58
3986,18
3987,237
3988,33
3989,597
3990,56
3991,58
3992,19
3993,1567
3994,529
3995,65
3996,253
3997,115
3998,21
3999,146
4000,51
4001,25
4002,160
4003,21
4004,33
4005,14
4006,26
4007,166
4008,21
4009,20
4010,21
4011,229
4012,16
4013,25
4014,167
4015,108
4016,23
4017,887
4018,21
4019,108
4020,29
4021,33
4022,212
4023,545
4024,112
4025,42
4026,744
4027,111
4028,33
4029,13
4030,266
4031,180
4032,27
4033,29
4034,36
4035,134
4036,66
4037,27
4038,30
4039,212
4040,527
4041,261
4042,174
4043,34
4044,135
4045,82
4046,10
4047,11
4048,5
4049,12
4050,33
4051,187
4052,636
4053,128
4054,506
4055,255
4056,206
4057,10
4058,86
4059,34
4060,261
4061,11
4062,192
4063,15
4064,301
4065,23
4066,24
4067,48
4068,40
4069,91
4070,20
4071,35
4072,53
4073,34
4074,91
4075,40
4076,281
4077,100
4078,17
4079,570
4080,26
4081,74
4082,11
4083,19
4084,38
4085,60
4086,119
4087,96
4088,324
4089,23
4090,40
4091,20
4092,105
4093,53
4094,1844
4095,13
4096,197
4097,150
4098,17
4099,688
4100,140
4101,60
4102,32
4103,12
4104,39
4105,170
4106,22
4107,406
4108,37
4109,635
4110,84
4111,55
4112,51
4113,587
4114,53
4115,30
4116,45
4117,190
4118,42
4119,317
4120,56
4121,12
4122,610
4123,587
4124,967
4125,30
4126,671
4127,109
4128,71
4129,238
4130,72
4131,378
4132,37
4133,30
4134,41
4135,190
4136,4
4137,110
4138,8
4139,60
4140,303
4141,100
4142,25
4143,9
4144,1782
4145,63
4146,627
4147,84
4148,11
4149,132
4150,64
4151,59
4152,122
4153,84
4154,104
4155,25
4156,169
4157,272
4158,101
4159,170
4160,151
4161,181
4162,42
4163,57
4164,82
4165,15
4166,608
4167,343
4168,42
4169,21
4170,34
4171,15
4172,23
4173,123
4174,11
4175,841
4176,65
4177,154
4178,11
4179,78
4180,18
4181,5
4182,158
4183,32
4184,30
4185,49
4186,213
4187,122
4188,51
4189,8
4190,117
4191,24
4192,317
4193,15
4194,135
4195,40
4196,49
4197,10
4198,64
4199,23
4200,104
4201,121
4202,300
4203,49
4204,9
4205,39
4206,34
4207,10
4208,273
4209,47
4210,42
4211,34
4212,52
4213,6
4214,49
4215,141
4216,17
4217,24
4218,61
4219,456
4220,357
4221,14
4222,8
4223,18
4224,15
4225,33
4226,353
4227,760
4228,18
4229,194
4230,24
4231,164
4232,29
4233,39
4234,67
4235,211
4236,176
4237,38
4238,49
4239,50
4240,677
4241,164
4242,122
4243,1872
4244,21
4245,284
4246,96
4247,24
4248,127
4249,12
4250,75
4251,57
4252,213
4253,120
4254,234
4255,35
4256,40
4257,12
4258,29
4259,31
4260,60
4261,116
4262,47
4263,27
4264,120
4265,231
4266,200
4267,124
4268,15
4269,26
4270,48
4271,329
4272,164
4273,196
4274,41
4275,215
4276,41
4277,43
4278,83
4279,60
4280,617
4281,121
4282,180
4283,12
4284,229
4285,414
4286,137
4287,65
4288,339
4289,56
4290,29
4291,112
4292,168
4293,105
4294,79
4295,5
4296,17
4297,458
4298,403
4299,259
4300,47
4301,26
4302,35
4303,194
4304,10
4305,539
4306,61
4307,18
4308,60
4309,33
4310,351
4311,106
4312,203
4313,71
4314,27
4315,61
4316,613
4317,31
4318,186
4319,29
4320,31
4321,257
4322,32
4323,27
4324,224
4325,211
4326,18
4327,223
4328,107
4329,287
4330,7
4331,27
4332,230
4333,40
4334,19
4335,19
4336,54
4337,60
4338,227
4339,65
4340,43
4341,221
4342,119
4343,119
4344,170
4345,112
4346,19
4347,180
4348,79
4349,8
4350,185
4351,216
4352,71
4353,26
4354,64
4355,167
4356,33
4357,22
4358,105
4359,15
4360,163
4361,12
4362,57
4363,343
4364,1800
4365,43
4366,1773
4367,111
4368,34
4369,9
4370,37
4371,202
4372,664
4373,108
4374,22
4375,112
4376,23
4377,953
4378,21
4379,3497
4380,18
4381,33
4382,101
4383,37
4384,897
4385,120
4386,45
4387,654
4388,1069
4389,31
4390,10
4391,561
4392,60
4393,70
4394,220
4395,88
4396,29
4397,229
4398,158
4399,18
4400,21
4401,13
4402,68
4403,187
4404,16
4405,539
4406,14
4407,47
4408,988
4409,27
4410,24
4411,139
4412,59
4413,685
4414,15
4415,30
4416,71
4417,220
4418,595
4419,53
4420,124
4421,33
4422,183
4423,93
4424,19
4425,81
4426,15
4427,60
4428,24
4429,152
4430,92
4431,21
4432,121
4433,51
4434,9
4435,168
4436,166
4437,221
4438,34
4439,206
4440,281
4441,529
4442,58
4443,41
4444,382
4445,117
4446,313
4447,210
4448,14
4449,21
4450,81
4451,772
4452,30
4453,40
4454,50
4455,34
4456,79
4457,1870
4458,21
4459,60
4460,25
4461,88
4462,20
4463,108
4464,69
4465,27
4466,263
4467,138
4468,394
4469,67
4470,126
4471,25
4472,119
4473,28
4474,134
4475,355
4476,266
4477,47
4478,76
4479,51
4480,100
4481,17
4482,131
4483,70
4484,179
4485,103
4486,294
4487,33
4488,25
4489,121
4490,224
4491,18
4492,11
4493,37
4494,10
4495,214
4496,137
4497,292
4498,91
4499,82
4500,57
4501,749
4502,60
4503,81
4504,184
4505,25
4506,103
4507,15
4508,124
4509,60
4510,30
4511,1678
4512,153
4513,47
4514,24
4515,104
4516,219
4517,211
4518,25
4519,16
4520,33
4521,14
4522,131
4523,115
4524,54
4525,171
4526,14
4527,300
4528,26
4529,40
4530,466
4531,320
4532,37
4533,284
4534,16
4535,27
4536,25
4537,208
4538,401
4539,17
4540,54
4541,16
4542,99
4543,437
4544,26
4545,112
4546,181
4547,24
4548,16
4549,20
4550,187
4551,383
4552,238
4553,172
4554,21
4555,42
4556,1656
4557,22
4558,55
4559,90
4560,110
4561,48
4562,74
4563,280
4564,66
4565,295
4566,40
4567,601
4568,60
4569,9
4570,83
4571,208
4572,136
4573,26
4574,110
4575,161
4576,59
4577,30
4578,161
4579,24
4580,43
4581,1874
4582,14
4583,320
4584,37
4585,148
4586,776
4587,1817
4588,131
4589,110
4590,31
4591,17
4592,744
4593,10
4594,78
4595,75
4596,14
4597,59
4598,139
4599,648
4600,193
4601,34
4602,1472
4603,5
4604,136
4605,45
4606,129
4607,14
4608,120
4609,135
4610,8
4611,91
4612,34
4613,285
4614,250
4615,268
4616,160
4617,20
4618,101
4619,109
4620,49
4621,59
4622,375
4623,24
4624,504
4625,40
4626,20
4627,21
4628,42
4629,121
4630,18
4631,23
4632,309
4633,27
4634,52
4635,17
4636,1547
4637,562
4638,42
4639,105
4640,172
4641,82
4642,138
4643,90
4644,1919
4645,30
4646,261
4647,249
4648,580
4649,162
4650,30
4651,34
4652,72
4653,62
4654,30
4655,122
4656,14
4657,23
4658,59
4659,20
4660,37
4661,32
4662,55
4663,49
4664,62
4665,432
4666,44
4667,115
4668,131
4669,112
4670,93
4671,77
4672,43
4673,45
4674,59
4675,18
4676,31
4677,206
4678,193
4679,15
4680,679
4681,349
4682,36
4683,20
4684,41
4685,60
4686,172
4687,256
4688,31
4689,392
4690,73
4691,26
4692,15
4693,1997
4694,23
4695,24
4696,130
4697,33
4698,91
4699,1138
4700,148
4701,42
4702,15
4703,309
4704,2259
4705,101
4706,93
4707,480
4708,30
4709,7
4710,166
4711,44
4712,42
4713,71
4714,55
4715,196
4716,19
4717,14
4718,13
4719,30
4720,49
4721,121
4722,59
4723,60
4724,505
4725,169
4726,120
4727,70
4728,54
4729,102
4730,121
4731,40
4732,195
4733,65
4734,17
4735,10
4736,54
4737,177
4738,26
4739,994
4740,41
4741,57
4742,63
4743,22
4744,142
4745,9
4746,97
4747,52
4748,113
4749,190
4750,53
4751,105
4752,1085
4753,420
4754,59
4755,65
4756,47
4757,121
4758,692
4759,28
4760,30
4761,74
4762,28
4763,22
4764,63
4765,231
4766,18
4767,197
4768,1123
4769,31
4770,34
4771,48
4772,210
4773,140
4774,26
4775,93
4776,165
4777,847
4778,113
4779,194
4780,38
4781,32
4782,54
4783,47
4784,36
4785,94
4786,409
4787,91
4788,4
4789,60
4790,276
4791,66
4792,61
4793,22
4794,60
4795,16
4796,71
4797,206
4798,99
4799,22
4800,91
4801,10
4802,69
4803,29
4804,18
4805,37
4806,225
4807,65
4808,43
4809,121
4810,148
4811,2146
4812,299
4813,70
4814,119
4815,34
4816,42
4817,30
4818,34
4819,277
4820,180
4821,21
4822,19
4823,275
4824,57
4825,492
4826,12
4827,41
4828,18
4829,4
4830,176
4831,182
4832,46
4833,117
4834,20
4835,53
4836,265
4837,258
4838,229
4839,67
4840,245
4841,9
4842,5
4843,74
4844,199
4845,36
4846,31
4847,208
4848,115
4849,60
4850,29
4851,43
4852,499
4853,74
4854,48
4855,63
4856,46
4857,79
4858,373
4859,1688
4860,32
4861,34
4862,228
4863,376
4864,26
4865,22
4866,34
4867,27
4868,85
4869,109
4870,13
4871,87
4872,224
4873,235
4874,51
4875,347
4876,26
4877,422
4878,139
4879,31
4880,621
4881,45
4882,501
4883,99
4884,55
4885,80
4886,185
4887,19
4888,64
4889,71
4890,1008
4891,300
4892,12
4893,32
4894,39
4895,173
4896,40
4897,100
4898,145
4899,4
4900,831
4901,102
4902,59
4903,703
4904,12
4905,1211
4906,40
4907,137
4908,207
4909,60
4910,32
4911,14
4912,10
4913,21
4914,829
